{"menu":"[{\"id\":\"10153\",\"title\":\"\\u79fb\\u52a8\\u7248\",\"pid\":\"0\",\"sort\":\"0\",\"url\":\"Mob\\\/config\",\"hide\":\"1\",\"tip\":\"\",\"group\":\"\",\"is_dev\":\"0\",\"icon\":\"\",\"module\":\"Mob\",\"_\":[{\"id\":\"10155\",\"title\":\"\\u57fa\\u672c\\u8bbe\\u7f6e\",\"pid\":\"10153\",\"sort\":\"0\",\"url\":\"Mob\\\/config\",\"hide\":\"0\",\"tip\":\"\",\"group\":\"\\u8bbe\\u7f6e\",\"is_dev\":\"0\",\"icon\":\"\",\"module\":\"Mob\",\"_\":null},{\"id\":\"10154\",\"title\":\"\\u5bfc\\u822a\\u7ba1\\u7406\",\"pid\":\"10153\",\"sort\":\"0\",\"url\":\"mob\\\/navigation\",\"hide\":\"0\",\"tip\":\"\",\"group\":\"\\u8bbe\\u7f6e\",\"is_dev\":\"0\",\"icon\":\"\",\"module\":\"Mob\",\"_\":null}]}]","default_rule":null,"auth_rule":null,"action":null,"action_limit":null}